ticker,cik,accession_number,filing_date
INDO,1757840.0,0001493152-22-006410,2022-03-09
MNPR,1645469.0,0001654954-19-009689,2019-08-15
SPT,1517375.0,0001628280-20-012343,2020-08-10
BILL,1786352.0,0001193125-20-163549,2020-06-08
EH,1759783.0,0001193125-19-280594,2019-10-31
XP,1787425.0,0001193125-20-305583,2020-11-30
PINE,1786117.0,,
CAN,1780652.0,0001193125-19-276263,2019-10-28
SITM,1451809.0,0001193125-20-164681,2020-06-09
CNSP,1729427.0,0001683168-25-002548,2025-04-14
KRKR,1779476.0,0001047469-19-005518,2019-09-30
TELA,1561921.0,0001104659-20-076043,2020-06-23
GRTX,1563577.0,0001193125-19-266859,2019-10-11
DUO,1750593.0,0001193125-19-264482,2019-10-08
RAPT,1673772.0,0001193125-20-024342,2020-02-04
CABA,1759138.0,0001193125-19-258869,2019-09-30
DAO,1781753.0,0001193125-19-258627,2019-09-30
PAVS,1751876.0,0001213900-19-003852,2019-03-08
PGNY,1551306.0,0001047469-19-005487,2019-09-27
PHAT,1783183.0,0001193125-19-258922,2019-09-30
BRBR,1772016.0,0001193125-19-250692,2019-09-20
IPHA,1598599.0,0001193125-19-250682,2019-09-20
HBT,775215.0,0001047469-19-005227,2019-09-13
VIR,1706431.0,0001193125-20-187304,2020-07-06
BNTX,1776985.0,0001193125-20-195916,2020-07-21
APRE,1781983.0,0001047469-19-005057,2019-09-06
KRRO,1703647.0,0001193125-24-138296,2024-05-14
MCBS,1747068.0,0001144204-19-043430,2019-09-04
OPRT,1538716.0,0001193125-19-195573,2019-07-17
PTON,1639825.0,0001193125-19-230923,2019-08-27
DDOG,1561550.0,0001193125-19-227783,2019-08-23
XGN,1274737.0,0001193125-19-228011,2019-08-23
NVST,1757073.0,0001757073-19-000010,2019-07-22
ALRS,903419.0,0001047469-19-004787,2019-08-16
NET,1477333.0,0001193125-19-222176,2019-08-15
TXG,1770787.0,0001193125-20-240997,2020-09-08
JFU,1619544.0,0001104659-21-135044,2021-11-05
BTOG,1735556.0,0001410578-25-001881,2025-08-25
INMD,1742692.0,0001144204-19-034453,2019-07-11
AMTD,1769731.0,0001047469-19-003754,2019-06-20
DT,1773383.0,0001628280-20-008710,2020-06-01
KRUS,1772177.0,0001193125-19-189268,2019-07-03
SNDL,1766600.0,0001193125-20-193964,2020-07-16
BORR,1715497.0,0001140361-19-012751,2019-07-10
BHAT,1759136.0,0001731122-26-000202,2026-02-09
VIST,1762506.0,0001193125-19-188268,2019-07-02
CSTL,1447362.0,0001140361-20-014466,2020-06-22
HCAT,1636422.0,0001628280-19-008426,2019-06-27
EIC,1754836.0,,
AFYA,1771007.0,0001047469-20-000687,2020-02-04
IFS,1615903.0,0001193125-19-189288,2019-07-03
FULC,1680581.0,0001193125-20-175588,2020-06-22
IHRT,1400891.0,0001193125-19-096030,2019-04-03
MIRM,1759425.0,0001193125-20-002291,2020-01-06
OBDC,1655888.0,,
PHR,1412408.0,0001193125-19-310268,2019-12-10
DOYU,1762417.0,0001047469-19-002447,2019-04-22
RMBI,1767837.0,0001144204-19-013196,2019-03-11
REAL,1573221.0,0001193125-19-163007,2019-05-31
ADPT,1478320.0,0001193125-20-011067,2020-01-21
BBIO,1743881.0,0001193125-19-157100,2019-05-24
CMBM,1738177.0,0001193125-19-159473,2019-05-29
GO,1771515.0,0001193125-20-112155,2020-04-20
PSNL,1527753.0,0001193125-19-155338,2019-05-23
STOK,1623526.0,0001193125-19-155301,2019-05-23
CHWY,1766502.0,0001193125-19-124430,2019-04-29
FVRR,1762301.0,0001047469-20-003206,2020-05-26
CRWD,1535527.0,0001047469-19-003095,2019-05-14
RVLV,1746618.0,0001564590-18-023704,2018-09-28
GOTU,1768259.0,0001193125-19-294656,2019-11-18
BCYC,1761612.0,0001047469-19-002638,2019-04-26
IDYA,1676725.0,0001193125-19-122586,2019-04-26
AVTR,1722482.0,0001193125-20-145043,2020-05-18
FSLY,1517413.0,0001628280-20-007961,2020-05-18
LKNCY,1767582.0,0001047469-20-000079,2020-01-07
PSTL,1759774.0,,
JFIN,1743102.0,0001193125-18-353025,2018-12-19
SONM,1178697.0,0001493152-25-016055,2025-09-29
UBER,1543151.0,0001193125-19-103850,2019-04-11
MEC,1766368.0,0001193125-19-105164,2019-04-12
NXTC,1661059.0,0001047469-19-006237,2019-11-12
QNCX,1662774.0,0001193125-20-100556,2020-04-07
SPFI,1163668.0,0001140361-19-007042,2019-04-12
PSN,275880.0,0001193125-19-105051,2019-04-12
TRVI,1563880.0,0001193125-21-259333,2021-08-27
RRBI,1071236.0,0001564590-19-011263,2019-04-10
YJ,1759614.0,0001193125-19-082092,2019-03-21
BYND,1655210.0,0001628280-19-009137,2019-07-29
SY,1758530.0,0001193125-19-100390,2019-04-08
TMDX,1756262.0,0001193125-19-099213,2019-04-05
WAFU,1716770.0,0001213900-18-003224,2018-03-20
GNLN,1743745.0,0001493152-25-011166,2025-03-21
HOOK,1760542.0,0001047469-19-001538,2019-03-22
PINS,1506293.0,0001193125-19-083544,2019-03-22
ZM,1585521.0,0001193125-19-083351,2019-03-22
BWAY,1505065.0,0001047469-19-000119,2019-01-14
PLMR,1761312.0,0001047469-20-000074,2020-01-07
JMIA,1756708.0,0001193125-19-071692,2019-03-12
PD,1568100.0,0001628280-19-003003,2019-03-15
TW,1758730.0,0001104659-20-048747,2020-04-20
LYFT,1759509.0,0001193125-19-059849,2019-03-01
DTIL,1357874.0,0001193125-19-061192,2019-03-01
LEVI,94845.0,0001193125-19-037135,2019-02-13
TIGR,1756699.0,0001047469-19-000627,2019-02-22
FUTU,1754581.0,0001193125-18-361084,2018-12-28
SLE,1621672.0,0001654954-20-009427,2020-08-21
AREC,1590715.0,0001477932-25-007760,2025-10-28
HOTH,1711786.0,0001213900-24-032207,2024-04-11
BACK,1729944.0,0001493152-24-023706,2024-06-13
GOSS,1728117.0,0001193125-18-356444,2018-12-21
ALEC,1653087.0,0001193125-20-015336,2020-01-27
INMB,1711754.0,0001640334-19-001410,2019-07-18
NFE,1749723.0,0001140361-18-042889,2018-11-09
RBKB,1751783.0,0001104659-26-027671,2026-03-13
BCOW,1847360.0,0001193125-21-077566,2021-03-11
MTC,1742518.0,0001213900-18-014224,2018-10-22
SXTC,1723980.0,0001213900-19-009831,2019-05-30
MRM,1819704.0,0001104659-24-092501,2024-08-23
IKT,1750149.0,0001193125-24-163529,2024-06-18
MASS,1555279.0,0001104659-21-135625,2021-11-08
BCAB,1826892.0,0001193125-21-305435,2021-10-22
LOGC,2064307.0,0001140361-26-001549,2026-01-20
UPST,1647639.0,0001193125-21-107766,2021-04-06
OCG,1776067.0,0001213900-19-022984,2019-11-12
WNW,1787803.0,0001493152-25-024068,2025-11-18
ABCL,1703057.0,0001193125-21-187930,2021-06-10
CERT,1827090.0,0001104659-21-139255,2021-11-15
FDMT,1650648.0,0001193125-21-308105,2021-10-26
NBTX,1760854.0,0001140361-20-026217,2020-11-20
VVOS,1716166.0,0001493152-25-003115,2025-01-22
ABNB,1559720.0,0001193125-20-294801,2020-11-16
HYFM,1695295.0,0001104659-21-078815,2021-06-09
AI,1577526.0,0001628280-20-016443,2020-11-13
DASH,1792789.0,0001193125-20-292381,2020-11-13
PUBM,1422930.0,0001628280-20-016438,2020-11-13
SEER,1726445.0,0001628280-21-000787,2021-01-25
YQ,1821468.0,0001193125-20-293052,2020-11-13
DCBO,1829959.0,,
VMAR,1813783.0,0001104659-25-118702,2025-12-05
MRVI,1823239.0,0001193125-21-266593,2021-09-07
SHC,1822479.0,0001193125-21-081383,2021-03-15
OLMA,1750284.0,0001104659-20-119971,2020-10-30
TLS,320121.0,0001140361-20-022542,2020-10-06
YSG,1819580.0,0001193125-20-282237,2020-10-30
AVIR,1593899.0,0001193125-20-267199,2020-10-09
LU,1816007.0,0001193125-20-265571,2020-10-07
ALGM,866291.0,0001193125-21-025893,2021-02-02
LESL,1821806.0,0001193125-21-270777,2021-09-13
ACIC,1401521.0,0001193125-12-431562,2012-10-23
BDSX,1439725.0,0001193125-24-107051,2024-04-23
MAX,1818383.0,0001193125-21-082765,2021-03-16
ROOT,1788882.0,0001628280-20-014305,2020-10-05
FHTX,1822462.0,0001193125-20-262469,2020-10-02
ALGS,1799448.0,0001193125-21-201893,2021-06-28
PRAX,1689548.0,0001193125-21-157601,2021-05-11
TARS,1819790.0,0001193125-20-254758,2020-09-25
ARRY,1820721.0,0001193125-22-150149,2022-05-13
EBC,1810546.0,0001193125-20-172003,2020-06-18
MNSO,1815846.0,0001193125-20-252342,2020-09-23
IH,1814423.0,0001047469-20-004786,2020-09-08
INTZ,736012.0,0001683168-24-004956,2024-07-19
IPOD,2041047.0,0001213900-25-021721,2025-03-07
SPRB,1683553.0,0001193125-20-249221,2020-09-18
STTK,1680367.0,0001193125-20-249204,2020-09-18
ELUT,1708527.0,0001104659-20-104884,2020-09-14
FUBO,1484769.0,0001493152-20-020255,2020-10-30
SQFT,1080657.0,,
ASO,1817358.0,0001140361-21-031008,2021-09-13
CCCC,1662579.0,0001193125-21-190020,2021-06-14
IMNM,1472012.0,0001104659-21-064661,2021-05-11
AVO,1802974.0,0001193125-20-239418,2020-09-04
LUNG,1127537.0,0001628280-20-013340,2020-09-04
LXEH,1814067.0,0001213900-24-103809,2024-11-29
THRY,1556739.0,0001140361-21-018534,2021-05-24
ASAN,1477720.0,0001193125-20-228462,2020-08-24
BQ,1815021.0,0001013762-25-004315,2025-03-31
CD,1527762.0,0001104659-23-066116,2023-05-30
PLTR,1321655.0,0001193125-20-230013,2020-08-25
YALA,1794350.0,0001193125-20-240880,2020-09-08
AMST,1807166.0,0001213900-23-019694,2023-03-14
GLSI,1799788.0,0001493152-20-023661,2020-12-15
PMVP,1699382.0,0001193125-20-240132,2020-09-04
PRLD,1678660.0,0001193125-21-000946,2021-01-04
TSHA,1806310.0,0001193125-20-238197,2020-09-02
BSY,1031308.0,0001104659-20-123588,2020-11-10
CRSR,1743759.0,0001193125-21-011458,2021-01-19
GDRX,1809519.0,0001193125-20-234662,2020-08-28
LSF,1650696.0,0001193125-20-236395,2020-08-31
CMPS,1816590.0,0001628280-21-007756,2021-04-27
U,1810806.0,0001193125-20-227862,2020-08-24
AMWL,1393584.0,0001193125-21-007257,2021-01-12
BNL,1424182.0,,
DYN,1818794.0,0001193125-21-010863,2021-01-19
FROG,1800667.0,0001193125-20-228195,2020-08-24
SNOW,1640147.0,0001628280-20-013010,2020-08-24
STEP,1796022.0,0001193125-21-082800,2021-03-16
OM,1484612.0,0001193125-21-107588,2021-04-06
LSPD,1823306.0,,
PRFX,1801834.0,0001178913-24-000788,2024-03-01
GP,1584547.0,0001062993-26-001066,2026-02-19
XPEV,1810997.0,0001193125-21-196858,2021-06-23
KYMR,1815442.0,0001193125-21-202051,2021-06-28
NNOX,1795251.0,0001140361-21-003760,2021-02-08
HRMY,1802665.0,0001193125-20-199773,2020-07-27
INBX,2007919.0,0002007919-24-000011,2024-06-11
BEKE,1809587.0,0001047469-20-005501,2020-11-16
NTST,1798100.0,,
IBEX,1720420.0,0001140361-20-015829,2020-07-10
RKT,1805284.0,0001047469-20-004008,2020-07-07
FTHM,1753162.0,0001104659-20-005188,2020-01-17
NHIC,2043699.0,0001213900-25-000455,2025-01-02
VITL,1579733.0,0001193125-20-289583,2020-11-10
LI,1791706.0,0001047469-20-005630,2020-12-02
VERX,1806837.0,0001047469-20-003952,2020-07-02
ANNX,1528115.0,0001193125-20-186799,2020-07-02
NRIX,1549595.0,0001193125-21-065468,2021-03-02
EDTK,1782309.0,0001104659-20-050494,2020-04-24
MEG,1643615.0,0001193125-20-300277,2020-11-23
ALXO,1810182.0,0001193125-20-311731,2020-12-07
RLAY,1812364.0,0001193125-21-137130,2021-04-28
GOCO,1808220.0,0001193125-20-173051,2020-06-19
NCNO,1902733.0,,
IVA,1756594.0,0001047469-20-003738,2020-06-19
NKTX,1787400.0,0001193125-20-173939,2020-06-19
QH,1781193.0,0001193125-20-160828,2020-06-04
LMND,1691421.0,0001104659-21-002997,2021-01-11
ADTX,1726711.0,0001213900-25-056288,2025-06-20
ACI,1646972.0,0001193125-20-065176,2020-03-06
API,1802883.0,0001628280-20-009067,2020-06-05
EBON,1799290.0,0001213900-21-018016,2021-03-26
PYPD,1611842.0,0001047469-20-003386,2020-06-05
RPRX,1802768.0,0001193125-20-268436,2020-10-13
BNR,1792267.0,0001193125-20-307203,2020-12-01
PCVX,1649094.0,0001193125-20-150234,2020-05-22
RNA,2093101.0,,
LTRN,1763950.0,0001213900-21-001239,2021-01-08
UCL,1775898.0,0001193125-20-132402,2020-05-04
VRM,1580864.0,0001013762-25-001109,2025-03-21
FOUR,1794669.0,0001193125-20-305571,2020-11-30
LEGN,1801198.0,0001193125-20-141663,2020-05-13
PLRX,1746473.0,0001193125-20-137876,2020-05-11
WMG,1319161.0,0001193125-20-026877,2020-02-06
SLQT,1794783.0,0001628280-21-003621,2021-03-01
ADCT,1771910.0,0001140361-20-020981,2020-09-21
KC,1795589.0,0001193125-20-250235,2020-09-21
LYRA,1327273.0,0001193125-25-162669,2025-07-22
ORIC,1796280.0,0001193125-20-290157,2020-11-10
KROS,1664710.0,0001628280-20-016204,2020-11-10
ZNTL,1725160.0,0001193125-20-199653,2020-07-27
WIMI,1770088.0,0001213900-21-016398,2021-03-18
ELVN,1672619.0,0001193125-20-038557,2020-02-14
GFL,1780232.0,0001047469-19-004296,2019-07-19
PASG,1787297.0,0001104659-21-005296,2021-01-19
ZCMD,1785566.0,0001213900-19-024295,2019-11-21
RVMD,1628171.0,0001193125-21-024544,2021-02-01
SDOT,1701756.0,0001731122-25-001549,2025-11-14
HUIZ,1778982.0,0001193125-19-237332,2019-09-04
NREF,1786248.0,,
ONEW,1772921.0,0001140361-20-020301,2020-09-14
BEAM,1745999.0,0001193125-20-256298,2020-09-28
SDGR,1490978.0,0001193125-20-214928,2020-08-10
ARQT,1787306.0,0001628280-20-013968,2020-09-29
REYN,1786431.0,0001193125-19-293392,2019-11-15
BDTX,1701541.0,0001193125-20-001336,2020-01-03
ANVS,1477845.0,0001047469-19-003982,2019-07-03
SOGP,1783407.0,0001193125-19-276047,2019-10-28
VEL,1692376.0,0001193125-19-269960,2019-10-18
NXGL,1468929.0,0001104659-21-136084,2021-11-09
IMMX,1873835.0,0001493152-22-015370,2022-05-27
SANG,1753368.0,,
GNTA,1838716.0,0001493152-21-027683,2021-11-09
IOT,1642896.0,0001193125-21-334578,2021-11-19
NRSN,1875091.0,0001213900-24-100165,2024-11-19
NU,1691493.0,0001193125-21-314359,2021-11-01
CING,1862150.0,0001641172-25-020622,2025-07-22
REFI,1867949.0,,
FINW,1856365.0,0001140361-21-024467,2021-07-15
LITM,1769697.0,0001213900-22-058559,2022-09-26
SG,1477815.0,0001193125-21-306603,2021-10-25
BRZE,1676238.0,0001193125-21-304909,2021-10-22
IREN,1878848.0,0001140361-22-034467,2022-09-23
BTBD,1718224.0,0001477932-20-006918,2020-11-25
DERM,1867066.0,0001104659-21-128950,2021-10-22
BEAT,1779372.0,0001213900-23-010405,2023-02-10
BLZE,1462056.0,0001193125-21-301141,2021-10-18
LVLU,1780201.0,0001193125-21-296901,2021-10-12
TIVC,1787740.0,0001683168-25-004306,2025-06-06
WEAV,1609151.0,0001628280-21-020169,2021-10-18
BJDX,1704287.0,0001213900-24-053132,2024-06-17
CINT,1868995.0,0001104659-21-126789,2021-10-15
EXFY,1476840.0,0001628280-21-020115,2021-10-15
RIVN,1874178.0,0001193125-21-289903,2021-10-01
SOPA,1817511.0,0001493152-26-005185,2026-02-05
SWAG,1872525.0,0001213900-21-067356,2021-12-23
TCBX,1781730.0,0001193125-21-300134,2021-10-15
IOBT,1865494.0,0001193125-21-300173,2021-10-15
ARHS,1875444.0,0001193125-21-291002,2021-10-04
CDRE,1860543.0,0001104659-22-068983,2022-06-07
EVO,1412558.0,0001193125-21-295475,2021-10-08
LION,2052959.0,0001193125-25-060956,2025-03-24
MDXH,1872529.0,0001213900-21-052578,2021-10-13
NRDS,1625278.0,0001628280-21-019876,2021-10-08
BIRD,1653909.0,0001628280-21-017824,2021-08-31
CMTG,1666291.0,,
LIANY,1831283.0,0001193125-21-289805,2021-10-01
AIRS,1870940.0,0001104659-21-123187,2021-10-05
AURA,1501796.0,0001193125-21-295543,2021-10-08
BFRI,1858685.0,0001493152-25-026443,2025-12-05
SONX,1407973.0,0001193125-21-295302,2021-10-08
TRDA,1689375.0,0001104659-21-124689,2021-10-08
UDMY,1607939.0,0001193125-21-291460,2021-10-05
FLNC,1868941.0,0001104659-21-119966,2021-09-28
GFS,1709048.0,0001193125-21-290644,2021-10-04
AIP,1667011.0,0001193125-21-289866,2021-10-01
MRAI,1844392.0,0001213900-24-111913,2024-12-23
RENT,1468327.0,0000950103-25-014860,2025-11-17
ARIS,1964504.0,,
XLO,1840233.0,0001104659-21-122045,2021-10-01
COCO,1482981.0,0001193125-21-284306,2021-09-27
NHIC,2043699.0,0001213900-25-000455,2025-01-02
PTLO,1871509.0,0001193125-22-214895,2022-08-08
RWAY,1653384.0,,
VTYX,1851194.0,0001193125-22-251475,2022-09-27
CNTX,1842952.0,0001628280-21-024868,2021-12-10
CYN,1874097.0,0001213900-24-103489,2024-11-27
INKT,1840229.0,0001193125-21-271914,2021-09-14
GTLB,1653482.0,0001628280-21-018818,2021-09-17
IHS,1876183.0,0001104659-21-116579,2021-09-17
LUCD,1799011.0,0001493152-22-017026,2022-06-17
HCTI,1839285.0,0001213900-25-027277,2025-04-01
CGTX,1455365.0,0001104659-22-115489,2022-11-07
LTH,1869198.0,0001193125-21-271527,2021-09-13
FWRG,1789940.0,0001193125-22-242880,2022-09-12
PYXS,1782223.0,0001193125-21-276227,2021-09-17
OLPX,1868726.0,0001193125-21-259313,2021-08-27
WRBY,1504776.0,0001628280-21-017546,2021-08-24
AMPL,1866692.0,0001193125-21-260696,2021-08-30
CWAN,1866368.0,0001193125-21-260325,2021-08-30
ARBK,1841675.0,0001104659-21-135341,2021-11-08
BRLT,1866757.0,0001193125-21-260653,2021-08-30
RELY,1782170.0,0001628280-21-017788,2021-08-30
AKA,1865107.0,0001193125-21-254270,2021-08-24
FRSH,1544522.0,0001628280-21-017717,2021-08-27
TOST,1650164.0,0001193125-21-258447,2021-08-27
VBNK,1690639.0,,
ACT,1823529.0,0001628280-21-007154,2021-04-19
BROS,1866581.0,0001628280-21-017441,2021-08-20
DH,1861795.0,0001193125-21-330014,2021-11-15
KTTA,1841330.0,0001213900-25-111842,2025-11-18
ONON,1858985.0,0001193125-21-253415,2021-08-23
PRCT,1588978.0,0001628280-21-017245,2021-08-18
TYRA,1863127.0,0001193125-21-252729,2021-08-20
SRAD,1836470.0,0001193125-21-249269,2021-08-17
GIPR,1651721.0,,
DDI,1799567.0,0001193125-21-219074,2021-07-20
RNXT,1574094.0,0001493152-22-031437,2022-11-10
DRMA,1853816.0,0001654954-23-008945,2023-07-07
IVVD,1832038.0,0001193125-21-217506,2021-07-16
EWCZ,1856236.0,0001104659-22-061943,2022-05-17
DOLE,1857475.0,0001193125-21-206632,2021-07-02
IMRX,1790340.0,0001104659-21-090635,2021-07-09
INAB,1740279.0,0001193125-22-214130,2022-08-08
MXCT,1287098.0,0001104659-21-090682,2021-07-09
RANI,1856725.0,0001193125-21-211922,2021-07-09
RXST,1111485.0,0001193125-21-211793,2021-07-09
TNYA,1858848.0,0001193125-21-212010,2021-07-09
COOK,1857853.0,0001193125-21-208779,2021-07-06
HOOD,1783879.0,0001628280-21-015656,2021-08-05
NUVL,1861560.0,0001193125-21-209001,2021-07-07
RLYB,1739410.0,0001193125-21-207662,2021-07-02
RSKD,1851112.0,0001628280-21-013329,2021-07-01
DUOL,1562088.0,0001628280-21-013065,2021-06-28
CADL,1841387.0,0001193125-21-200639,2021-06-25
CNM,1856525.0,0001193125-22-000614,2022-01-03
CRBU,1619856.0,0001193125-21-206262,2021-07-01
CTKB,1831915.0,0001193125-21-207678,2021-07-02
GAMB,1839799.0,0001193125-21-200321,2021-06-25
SOPH,1840706.0,0001193125-21-207629,2021-07-02
USCB,1901637.0,,
XPOF,1802156.0,0001193125-22-095064,2022-04-04
ABSI,1672688.0,0001628280-21-013214,2021-06-30
RYAN,1849253.0,0001193125-21-195083,2021-06-21
ZENV,1836934.0,0001104659-21-050974,2021-04-16
ZVIA,1854139.0,0001193125-21-199153,2021-06-25
KLTR,1432133.0,0001628280-21-003617,2021-03-01
LAW,1625641.0,0001193125-21-270949,2021-09-13
VEEE,1855509.0,0001731122-26-000034,2026-01-09
VTEX,1793663.0,0001193125-21-200250,2021-06-25
HCWB,1828673.0,0001193125-26-046873,2026-02-11
BLND,1855747.0,0001193125-21-194971,2021-06-21
ERAS,1761918.0,0001193125-21-200537,2021-06-25
RGC,1829667.0,0001213900-21-016917,2021-03-22
STVN,1849853.0,0001193125-21-194281,2021-06-21
TCRX,1783328.0,0001193125-21-129264,2021-04-23
PECO,1476204.0,,
RPID,1380106.0,0001104659-21-085783,2021-06-25
SERA,1534969.0,0001104659-21-080206,2021-06-11
SGHT,1531177.0,0001193125-21-197314,2021-06-23
IINN,1837493.0,0001213900-25-124571,2025-12-22
UNCY,1766140.0,0001213900-21-028391,2021-05-21
RNAZ,1829635.0,0001104659-24-126354,2024-12-06
SNTG,1810467.0,0001213900-21-016855,2021-03-22
MITQ,1770236.0,0001144204-19-048006,2019-10-11
NYXH,1857190.0,0001104659-21-079516,2021-06-10
ABOS,1576885.0,0001193125-21-186863,2021-06-09
CURV,1792781.0,0001193125-21-184502,2021-06-07
DNUT,1857154.0,0001193125-21-177720,2021-06-01
EVCM,1853145.0,0001140361-21-037920,2021-11-15
HEPS,1850235.0,0001047469-21-001156,2021-05-28
WAVE,1846715.0,0001213900-21-029402,2021-05-27
CPOP,1807389.0,0001213900-21-012808,2021-03-02
CVRX,1235912.0,0001104659-21-077026,2021-06-04
DIDIY,1764757.0,0001047469-21-001194,2021-06-10
INTA,1565687.0,0001193125-21-183026,2021-06-04
LZ,1286139.0,0001193125-21-182939,2021-06-04
S,1583708.0,0001628280-21-011624,2021-06-03
XMTR,1657573.0,0001193125-21-181945,2021-06-04
YOU,1856314.0,0001104659-21-077600,2021-06-07
DDL,1854545.0,0001193125-21-185539,2021-06-08
ACXP,1736243.0,0001104659-26-009266,2026-02-02
GHRS,1855129.0,0001140361-21-019900,2021-06-04
LENZ,1815776.0,0001628280-24-040130,2024-09-11
MCW,1853513.0,0001193125-21-224928,2021-07-27
TKNO,1850902.0,0001193125-24-206239,2024-08-23
BON,1816815.0,0001493152-24-046762,2024-11-19
CFLT,1699838.0,0001193125-21-178773,2021-06-01
DOCS,1516513.0,0001628280-21-011269,2021-05-28
GLUE,1826457.0,0001193125-21-182268,2021-06-04
UPXI,1775194.0,0001477932-25-008717,2025-12-02
CXM,1569345.0,0001193125-21-177215,2021-05-28
FA,1210677.0,0001193125-21-323061,2021-11-08
YMM,1838413.0,0001193125-21-175480,2021-05-27
ATAI,1840904.0,0001193125-21-123009,2021-04-20
FEMY,1339005.0,0001140361-25-031990,2025-08-20
IPSC,1850119.0,0001104659-21-074278,2021-05-28
NEXN,1849396.0,0001193125-21-171330,2021-05-25
RERE,1838957.0,0001193125-21-176950,2021-05-28
AOMR,1766478.0,,
ISPC,1558569.0,0001213900-25-078951,2025-08-20
LYEL,1806952.0,0001193125-21-172500,2021-05-25
MOLN,1745114.0,0001628280-21-007388,2021-04-22
ALZN,1677077.0,0001214659-24-010447,2024-06-03
BZ,1842827.0,0001193125-21-169431,2021-05-21
JANX,1817713.0,0001193125-21-166730,2021-05-19
TASK,1829864.0,0001193125-21-301049,2021-10-18
DIBS,1600641.0,0001193125-21-162999,2021-05-17
LFST,1845257.0,0001193125-21-163638,2021-05-17
MNDY,1845338.0,0001104659-21-067423,2021-05-17
ZETA,1851003.0,0001193125-21-130521,2021-04-26
MQ,1522540.0,0001193125-21-162113,2021-05-14
DLO,1846832.0,0001193125-21-301022,2021-10-18
CNTA,1847903.0,0001193125-21-123969,2021-04-21
DAWN,1845337.0,0001193125-21-150017,2021-05-04
FIGS,1846576.0,0001193125-21-271933,2021-09-14
FLYW,1580560.0,0001193125-21-146481,2021-05-03
PAY,1841156.0,0001564590-21-022583,2021-04-30
ZIP,1617553.0,0001628280-21-007473,2021-04-23
OTLY,1843586.0,0001193125-21-121323,2021-04-19
PCOR,1611052.0,0001193125-20-057081,2020-02-28
GIW,2080019.0,0001193125-25-177848,2025-08-11
JZXN,1816172.0,0001213900-21-068110,2021-12-30
DBGI,1668010.0,0001493152-25-019083,2025-10-23
EJH,1769768.0,0001213900-19-016708,2019-08-26
VERA,1831828.0,0001193125-22-029746,2022-02-07
GLBE,1835963.0,0001193125-21-266649,2021-09-07
IPW,1830072.0,0001683168-26-000224,2026-01-12
SMWB,1842731.0,0001628280-21-007036,2021-04-15
ANEB,1815974.0,0001493152-22-030199,2022-11-02
BWMN,1847590.0,0001193125-22-024695,2022-02-01
WDH,1823986.0,0001193125-21-119328,2021-04-16
VALN,1836564.0,0001193125-21-308093,2021-10-26
FSBC,1275168.0,0001552781-21-000190,2021-04-09
HNST,1530979.0,0001193125-21-111539,2021-04-09
ALF,2010930.0,0001213900-24-045966,2024-05-22
BRNS,1828185.0,0001104659-21-048698,2021-04-09
HOWL,1785530.0,0001193125-21-110310,2021-04-08
AVAH,1832332.0,0001193125-21-104216,2021-04-01
PRVA,1759655.0,0001628280-21-023544,2021-11-16
FTCI,1828161.0,0001140361-22-003916,2022-02-04
RAIN,2028293.0,0001213900-25-008536,2025-01-31
SWIM,1833197.0,0001104659-22-000903,2022-01-04
TMCI,1630627.0,0001193125-21-100296,2021-03-30
NPCE,1528287.0,0001628280-21-005481,2021-03-24
DV,1819928.0,0001104659-21-139146,2021-11-15
PATH,1734722.0,0001193125-21-094920,2021-03-26
SKYT,1819974.0,0001193125-21-089687,2021-03-22
IFBD,1815566.0,0001731122-20-001267,2020-12-09
BMEA,1840439.0,0001193125-21-096737,2021-03-26
RXRX,1601830.0,0001193125-21-089610,2021-03-22
AGL,1831097.0,0001193125-21-260573,2021-08-30
APP,1751008.0,0001193125-21-340630,2021-11-26
KRT,1758021.0,0001104659-21-025272,2021-02-18
TSPH,1823593.0,0001193125-21-091150,2021-03-23
ALKT,1529274.0,0001193125-21-076443,2021-03-10
COIN,1679788.0,0001628280-21-003168,2021-02-25
WTO,1789299.0,0001213900-20-006792,2020-03-18
COMP,1563190.0,0001193125-21-063859,2021-03-01
EM,1834253.0,0001047469-21-000594,2021-03-12
KARO,1828102.0,0001104659-21-029334,2021-02-26
ULCC,1670076.0,0001193125-21-073416,2021-03-08
COUR,1651562.0,0001193125-21-071525,2021-03-05
ALHC,1832466.0,0001193125-21-331203,2021-11-16
DSGN,1807120.0,0001193125-21-071667,2021-03-05
EWTX,1710072.0,0001104659-21-032712,2021-03-05
TDUP,1484778.0,0001628280-21-014439,2021-07-26
ZH,1835724.0,0001193125-21-070815,2021-03-05
CRCT,1828962.0,0001564590-21-006015,2021-02-16
EEIQ,1781397.0,0001213900-20-042643,2020-12-15
SEMR,1831840.0,0001628280-21-023582,2021-11-17
ACVA,1637873.0,0001193125-21-060598,2021-02-26
DOCN,1582961.0,0001193125-21-055798,2021-02-25
MOVE,1734750.0,0001213900-26-004004,2026-01-13
UPC,1809616.0,0001213900-24-035858,2024-04-24
AFCG,1822523.0,,
CNTB,1835268.0,0001193125-21-060795,2021-02-26
FNCH,1733257.0,0001193125-21-060632,2021-02-26
TIL,1789769.0,0001193125-21-060613,2021-02-26
GANX,1819411.0,0001104659-23-127362,2023-12-19
TUYA,1829118.0,0001193125-21-058848,2021-02-26
JWEL,1805594.0,0001213900-20-038775,2020-11-23
SNCY,1743907.0,0001104659-21-125327,2021-10-12
WALD,1840199.0,0001213900-22-050831,2022-08-24
HAYW,1834622.0,0001104659-21-024595,2021-02-17
STKH,1828098.0,0001213900-26-021683,2026-02-27
CPNG,1834584.0,0001628280-21-001984,2021-02-12
RBLX,1315098.0,0001193125-20-298230,2020-11-19
GROY,1834026.0,0001493152-21-000808,2021-01-12
INNV,1834376.0,0001104659-21-014071,2021-02-08
OSCR,1568651.0,0001193125-21-030955,2021-02-05
TWLV,2052243.0,0001213900-25-029114,2025-04-07
CMII,2088805.0,0001213900-26-006329,2026-01-21
AUUD,1554818.0,0001683168-25-003796,2025-05-16
LGVN,1721484.0,0001213900-25-071302,2025-08-04
BMBL,1830043.0,0001193125-21-266589,2021-09-07
BVS,1665988.0,0001193125-21-011667,2021-01-20
LDI,1831631.0,0001193125-21-006352,2021-01-11
DSP,1828791.0,0001193125-21-009504,2021-01-15
ADAG,1818838.0,0001047469-21-000130,2021-01-19
EPOW,1780731.0,0001213900-19-017971,2019-09-13
GIG,2023730.0,0001193125-24-156276,2024-06-07
RAASY,1804583.0,0001047469-21-000127,2021-01-19
BAOS,1811216.0,0001104659-21-038396,2021-03-18
BOLT,1641281.0,0001193125-21-010049,2021-01-15
CNEY,1780785.0,0001104659-21-114686,2021-09-10
EVAX,1828253.0,0001104659-25-114804,2025-11-21
IMCR,1671927.0,0001140361-21-001312,2021-01-15
PHVS,1830487.0,0001193125-21-010126,2021-01-15
TERN,1831363.0,0001193125-21-010241,2021-01-15
VOR,1817229.0,0001193125-21-010219,2021-01-15
SANA,1770121.0,0001193125-21-007483,2021-01-13
SNSE,1829802.0,0001193125-21-010054,2021-01-15
ONTF,1110611.0,0001193125-21-005184,2021-01-08
TRIN,1786108.0,,
VINP,1826286.0,0001193125-21-000746,2021-01-04
ZIM,1654126.0,0001104659-21-074534,2021-06-01
SHLS,1831651.0,0001193125-21-213213,2021-07-12
TIRX,1782941.0,0001104659-25-000323,2025-01-02
EZGO,1806904.0,0001213900-21-028038,2021-05-20
HUDI,1791725.0,0001213900-20-027397,2020-09-18
MNTK,1826600.0,0001193125-20-316007,2020-12-11
PAX,1825570.0,0000950103-20-024959,2020-12-30
RLX,1828365.0,0001047469-20-005751,2020-12-31
DFH,1825088.0,0001140361-20-029238,2020-12-22
DRVN,1804745.0,0001193125-21-233258,2021-08-02
PLTK,1828016.0,0001193125-20-321440,2020-12-18
WOOF,1826470.0,0001193125-21-171052,2021-05-24
AFRM,1820953.0,0001104659-20-126927,2020-11-18
MSGM,1821175.0,0001493152-24-033269,2024-08-20
CGEM,1789972.0,0001193125-20-321670,2020-12-18
COYA,1835022.0,0001564590-22-038040,2022-11-18
LIPO,1347242.0,0001753926-23-001409,2023-11-01
RAYA,1825875.0,0001213900-22-003116,2022-01-21
ACRV,1781174.0,0000950123-22-010286,2022-10-17
ATAT,1853717.0,0001104659-23-068088,2023-06-05
ASPI,1921865.0,0001477932-23-008736,2023-11-21
SNAL,1886894.0,0001493152-25-027610,2025-12-15
MBLY,1910139.0,0001104659-23-068031,2023-06-05
PRME,1894562.0,0001628280-22-025424,2022-09-23
DMYY,1915380.0,0001193125-22-242792,2022-09-12
LASE,1807887.0,0001493152-26-003461,2026-01-23
NXL,1527352.0,0001829126-24-008446,2024-12-20
CRBG,1889539.0,0001628280-23-020857,2023-06-05
WLDS,1887673.0,0001213900-26-019320,2026-02-23
BIAF,1712762.0,0001493152-25-014730,2025-09-24
SHPH,1757499.0,0001493152-26-006073,2026-02-11
JFBR,1885408.0,0001213900-25-058444,2025-06-26
JZ,1852440.0,0001213900-25-074942,2025-08-12
ONFO,1825452.0,0001654954-25-014068,2025-12-18
MOB,1898643.0,0001213900-24-025599,2024-03-25
GCT,1857816.0,0001193125-22-190279,2022-07-08
LUCY,1808377.0,0001829126-25-005161,2025-07-18
REBN,1707910.0,0001213900-25-030723,2025-04-10
TGL,1905956.0,0001213900-24-099692,2024-11-18
MEGL,1881472.0,0001641172-25-009448,2025-05-09
MGAM,1886362.0,0001213900-26-015613,2026-02-12
MAIA,1878313.0,0001193125-23-163582,2023-06-08
VRAX,1885827.0,0000950123-23-002979,2023-03-22
HKD,1809691.0,0001193125-21-167630,2021-05-20
ILAG,1814963.0,0001104659-20-103446,2020-09-09
IE,1879016.0,0001104659-22-130234,2022-12-27
GSUN,1826376.0,0001213900-25-024512,2025-03-17
HSCS,1468492.0,0001213900-24-020156,2024-03-05
SVRE,1894693.0,0001213900-25-121753,2025-12-15
TOP,1848275.0,0001213900-21-047369,2021-09-10
BNRG,1901215.0,0001213900-25-035754,2025-04-28
GV,1892274.0,0001683168-22-001437,2022-03-04
OKYO,1849296.0,0001493152-23-017939,2023-05-17
ACDC,1881487.0,0001193125-22-210055,2022-08-02
ASNS,1141284.0,0001213900-25-121239,2025-12-12
HNVR,1828588.0,0001104659-22-026019,2022-02-23
BLCO,1860742.0,0001193125-22-008667,2022-01-13
PEPG,1835597.0,0001193125-22-106884,2022-04-15
EDBL,1809750.0,0001477932-24-005552,2024-09-06
AUST,1817740.0,0001104659-21-128425,2021-10-21
BLTE,1889109.0,0001104659-22-042710,2022-04-05
OST,1803407.0,0001213900-24-057320,2024-06-28
TNON,1560293.0,0001213900-25-029005,2025-04-04
ACON,1635077.0,0001683168-24-008624,2024-12-11
JCSE,1905511.0,0001493152-25-003441,2025-01-23
STSS,1737995.0,0001493152-25-001790,2025-01-10
EE,1888447.0,0001140361-22-000986,2022-01-07
GNS,1847806.0,0001493152-24-021804,2024-05-29
XPON,1894954.0,0001903596-25-000042,2025-01-17
RVSN,1743905.0,0001213900-23-089892,2023-11-24
ANTX,1880438.0,0001193125-22-066048,2022-03-04
LCFY,1875547.0,0001493152-22-002796,2022-02-01
AKAN,1888014.0,0001213900-26-007796,2026-01-26
FGMC,1906364.0,0001104659-23-111149,2023-10-24
ONCO,1782107.0,0001213900-25-106177,2025-11-04
DRCT,1880613.0,0001628280-26-005423,2026-02-04
MDV,1645873.0,,
HTCR,1892322.0,0001641172-25-020890,2025-07-25
SKYX,1598981.0,0001493152-21-032251,2021-12-22
ACLX,1786205.0,0001193125-22-173436,2022-06-14
NVCT,1875558.0,0001104659-22-090692,2022-08-15
MTEK,1872964.0,0001213900-21-055845,2021-11-01
CRDO,1807794.0,0001628280-22-000095,2022-01-03
KSCP,1600983.0,0001104659-22-117267,2022-11-10
FGI,1864943.0,0001104659-21-114712,2021-09-10
TKLF,1836242.0,0001213900-21-045353,2021-08-27
TPG,1880661.0,0001193125-21-358756,2021-12-16
AMLX,1658551.0,0001193125-22-257577,2022-10-04
HOUR,1874875.0,0001493152-21-026557,2021-10-28
LGCB,1969401.0,0001213900-25-077910,2025-08-18
ZKH,1862044.0,0001104659-23-029299,2023-03-07
INHD,1961847.0,0001213900-23-059798,2023-07-26
AFJK,1979005.0,0001493152-23-019212,2023-05-26
GSIW,1954269.0,0001213900-24-067089,2024-08-09
FEBO,1957001.0,0001493152-24-029148,2024-07-26
ELAB,1840563.0,0001213900-25-099277,2025-10-16
DDC,1808110.0,0001213900-26-004713,2026-01-15
RR,1963685.0,0001213900-26-017558,2026-02-18
SGN,1898474.0,0001213900-26-000719,2026-01-05
SHIM,1887944.0,0001193125-23-250894,2023-10-05
HG,1593275.0,0001628280-23-034427,2023-10-16
GVH,1978527.0,0001213900-25-046965,2025-05-23
LXEO,1907108.0,0001193125-24-090233,2024-04-09
PAPL,1938109.0,0001493152-25-027516,2025-12-12
ATGL,1967621.0,0001213900-23-057409,2023-07-17
MNR,1980088.0,0001213900-24-075323,2024-09-04
NCL,1923780.0,0001575872-25-000602,2025-09-26
WBUY,1946703.0,0001213900-25-057745,2025-06-25
BIRK,1977102.0,0000950170-24-076734,2024-06-24
GMM,1913749.0,0001213900-25-042680,2025-05-13
LRHC,1879403.0,0001213900-25-091637,2025-09-25
PMEC,1891944.0,0001213900-24-088052,2024-10-16
MSS,1892292.0,0001213900-25-120265,2025-12-11
ANL,1944552.0,0001104659-23-084478,2023-07-27
SYRA,1922335.0,0001493152-24-032689,2024-08-15
VSME,1951294.0,0001641172-25-005590,2025-04-21
LRE,1888980.0,0001104659-22-089054,2022-08-11
TURB,1963439.0,0001213900-23-056001,2023-07-11
MDBH,1934642.0,0001493152-22-031441,2022-11-10
KVYO,1835830.0,0001628280-23-030618,2023-08-25
CART,1579091.0,0001193125-23-221345,2023-08-25
DTCK,1949478.0,0001683168-23-001404,2023-03-09
NMRA,1885522.0,0001193125-23-221589,2023-08-25
ARM,1973239.0,0001193125-23-216983,2023-08-21
SPPL,1948697.0,0001929980-23-000280,2023-11-17
NWGL,1948294.0,0001493152-23-013496,2023-04-25
NRXS,1933567.0,0001493152-23-001110,2023-01-10
MIRA,1904286.0,0001493152-23-045286,2023-12-18
CTNT,1951667.0,0001104659-24-078943,2024-07-10
PRZO,1916241.0,0001213900-23-083936,2023-11-06
SRFM,1936224.0,0000950170-24-068227,2024-06-04
ODD,1907085.0,0001104659-24-033463,2024-03-12
APGE,1974640.0,0001104659-24-030994,2024-03-05
SGMT,1400118.0,0001104659-24-005946,2024-01-23
SXTP,1946563.0,0001213900-25-061842,2025-07-07
INTS,1567264.0,0001628280-25-018892,2025-04-22
VTMX,1969373.0,0001140361-23-056361,2023-12-05
FIHL,1636639.0,0001193125-24-142977,2024-05-20
KGS,1767042.0,0001193125-23-088292,2023-03-31
SVV,1883313.0,0001193125-21-365068,2021-12-22
GENK,1891856.0,0001193125-23-155567,2023-05-26
AZTR,1701478.0,0001493152-25-027067,2025-12-10
BOF,1962481.0,0001493152-24-024849,2024-06-24
CAVA,1639438.0,0001628280-23-018945,2023-05-19
ATMU,1921963.0,0001104659-23-023852,2023-02-21
ATS,1394832.0,,
CWD,1627282.0,0001104659-25-034727,2025-04-14
KVUE,1944048.0,0001628280-24-022754,2024-05-13
TRNR,1785056.0,0000950170-25-054762,2025-04-16
JYD,1938186.0,0001193125-23-042094,2023-02-17
UCAR,1939780.0,0001213900-26-025381,2026-03-10
USGO,1947244.0,0001493152-23-004286,2023-02-10
TPET,1898766.0,0001493152-24-027857,2024-07-15
WAI,1938865.0,0001213900-23-003474,2023-01-18
GDTC,1873093.0,0001493152-22-032838,2022-11-18
VCIG,1930510.0,0001213900-24-084125,2024-10-01
GDHG,1928340.0,0001213900-25-021773,2025-03-07
ARBB,1930179.0,0001213900-23-081841,2023-10-31
ISPR,1948455.0,0001213900-24-008754,2024-02-01
MGIH,1903995.0,0001213900-22-067279,2022-10-28
MWG,1941500.0,0001641172-25-001191,2025-03-28
HKIT,1742341.0,0001213900-24-075251,2024-09-04
HSHP,1959455.0,0001140361-23-010529,2023-03-07
SFWL,1863218.0,0001213900-23-063580,2023-08-04
CHSN,1825349.0,0001213900-25-045464,2025-05-19
HLP,1855557.0,0001213900-21-068083,2021-12-30
TBMC,1934945.0,0001104659-22-075908,2022-06-30
ZJYL,1837821.0,0001213900-21-049743,2021-09-24
BANL,1914805.0,0001493152-22-024103,2022-08-26
MGRX,1938046.0,0001493152-26-002093,2026-01-13
OMH,1944902.0,0001493152-23-044401,2023-12-11
ICG,1895597.0,0001193125-22-178109,2022-06-22
IZM,1854572.0,0001213900-23-089569,2023-11-22
AESI,1984060.0,,
AIXI,1935172.0,0001213900-22-081122,2022-12-20
BMR,1899005.0,0001213900-23-043729,2023-05-30
GXAI,1895618.0,0001213900-25-005976,2025-01-23
BFRG,1829247.0,0001493152-25-017809,2025-10-10
ENLT,1922641.0,0001104659-23-005318,2023-01-20
MLYS,1933414.0,0001628280-23-001171,2023-01-18
HSAI,1861737.0,0001104659-23-004072,2023-01-17
NXT,1852131.0,0001193125-23-175115,2023-06-26
LICN,1876766.0,0001213900-22-023271,2022-05-02
ASST,1920406.0,0001213900-24-109397,2024-12-16
GPCR,1888886.0,0001104659-24-067768,2024-06-03
TXO,1559432.0,0001193125-22-287059,2022-11-17
GNLX,1231457.0,0001493152-23-022665,2023-06-28
CVKD,1937993.0,0001213900-25-125526,2025-12-29
SKWD,1519449.0,0001104659-23-117190,2023-11-13
ONEG,2030834.0,0001213900-25-028494,2025-04-03
HIT,2019505.0,0001213900-24-074106,2024-08-30
YAAS,1964946.0,0001641172-25-022822,2025-08-08
LSE,1985139.0,0001493152-24-038956,2024-10-01
NCEW,1968043.0,0001493152-23-029581,2023-08-21
YSXT,1993463.0,0001104659-24-072869,2024-06-18
AVR,2011514.0,0001140361-25-043521,2025-11-26
NTCL,1927578.0,0001104659-25-100526,2025-10-20
TTAN,1638826.0,0001193125-24-260611,2024-11-18
NAMI,1967631.0,0001213900-23-065657,2023-08-10
LNKS,1972074.0,0001213900-24-046923,2024-05-28
JUNS,1679628.0,0001493152-25-025204,2025-11-26
BRIA,2000230.0,0001213900-25-076752,2025-08-14
GRO,1472326.0,0001193125-25-286421,2025-11-18
PONY,1969302.0,0001104659-24-109475,2024-10-17
VENU,1770501.0,0001641172-25-025219,2025-08-22
CGTL,1967822.0,0001213900-23-058237,2023-07-19
WYHG,1999860.0,0001213900-24-020363,2024-03-06
IPST,1788230.0,0001213900-25-080839,2025-08-26
MSW,1956166.0,0001493152-24-034181,2024-08-28
ETHM,2028699.0,0001213900-24-059845,2024-07-08
NOEM,1956648.0,0001213900-23-013914,2023-02-23
GELS,1920092.0,0001213900-25-059880,2025-07-01
PLRZ,1893645.0,0001213900-25-037632,2025-04-30
SEPN,1984086.0,0001193125-24-231178,2024-10-02
WRD,1867729.0,0001104659-25-102618,2025-10-27
INGM,1897762.0,0001193125-24-228597,2024-09-30
FGL,1989930.0,0001213900-26-020337,2026-02-25
LBGJ,1896425.0,0001213900-22-003947,2022-01-27
ROLR,1947210.0,0001753926-23-001609,2023-12-20
ALDF,2031561.0,0001104659-24-103823,2024-09-30
HUHU,1945415.0,0001213900-23-024193,2023-03-30
ORIS,1964664.0,0001213900-26-025588,2026-03-10
SPHL,2002236.0,0001213900-26-005345,2026-01-20
PTLE,2016337.0,0001013762-25-002339,2025-03-26
SFHG,1926792.0,0001213900-23-086037,2023-11-13
CAMP,1736730.0,0001104659-24-101618,2024-09-20
CBLL,1861107.0,0000950170-24-100574,2024-08-26
UPB,2022626.0,0001193125-24-221372,2024-09-18
CLIK,2020027.0,0001493152-25-027671,2025-12-15
KLC,1873529.0,0001193125-24-215139,2024-09-06
SKK,1991261.0,0001493152-24-004123,2024-01-29
CBNA,1392272.0,0001193125-24-218855,2024-09-13
FLX,1858724.0,0001193125-24-218587,2024-09-13
FVR,1988494.0,,
SARO,2025410.0,0001193125-25-122472,2025-05-19
WCT,1990251.0,0001213900-25-116978,2025-12-02
HTLM,2023153.0,0001493152-24-033481,2024-08-22
ZJK,1941506.0,0001731122-24-000992,2024-06-21
BIOA,1709941.0,0001193125-24-212046,2024-09-03
BKV,1838406.0,0001104659-22-120237,2022-11-18
GRDN,1802255.0,0001193125-25-123149,2025-05-20
IBG,1924482.0,0001731122-26-000358,2026-03-09
LGCY,1836754.0,0001493152-24-032746,2024-08-16
PC,1998056.0,0001493152-25-002857,2025-01-21
GLE,1908705.0,0001213900-22-048661,2022-08-16
IBO,1834105.0,0001493152-23-037534,2023-10-17
KAPA,1962011.0,0001641172-25-005602,2025-04-22
BCAX,2023658.0,0001193125-24-205393,2024-08-22
MBX,1776111.0,0001193125-25-211320,2025-09-22
ZBIO,1953926.0,0001104659-24-091950,2024-08-22
GLXG,1905920.0,0001213900-22-083289,2022-12-28
TDTH,1983550.0,0001213900-25-096062,2025-10-03
XCH,1979887.0,0001104659-24-009133,2024-02-01
VCIC,2025396.0,0001213900-24-062556,2024-07-18
PMAX,2012096.0,0001213900-24-104521,2024-12-02
GIG,2023730.0,0001193125-24-156276,2024-06-07
AZI,1959726.0,0001641172-25-007872,2025-04-30
SPAI,2011208.0,0001641172-25-014080,2025-06-06
JBDI,1964314.0,0001493152-24-005441,2024-02-08
RITR,1951229.0,0001213900-24-026924,2024-03-28
WOK,1929783.0,0001213900-24-111388,2024-12-23
SBXD,2015947.0,0001104659-24-072904,2024-06-18
YXT,1872090.0,0001193125-24-178534,2024-07-12
ACTU,1652935.0,0001683168-25-005402,2025-07-25
OSTX,1795091.0,0001213900-25-071368,2025-08-04
NIPG,1966233.0,0001104659-24-070698,2024-06-12
CON,2014596.0,0001104659-24-071827,2024-06-14
LINE,1868159.0,,
ORKT,1979407.0,0001493152-24-035785,2024-09-11
OS,1889956.0,0000950170-24-125373,2024-11-12
ARTV,1817241.0,0001193125-24-172230,2024-06-28
QMMM,1971542.0,0001641172-25-009184,2025-05-08
ARDT,1756655.0,0001193125-24-165883,2024-06-21
TWFG,2007596.0,0001628280-24-029560,2024-06-24
ICON,1995574.0,0001140361-26-008277,2026-03-06
EHGO,1879754.0,0001104659-24-129350,2024-12-17
ALMS,1847367.0,0001104659-24-069735,2024-06-07
LB,1995807.0,0001193125-24-286982,2024-12-31
LSH,1996192.0,0001213900-25-025148,2025-03-19
TBN,1997652.0,0001193125-24-130878,2024-05-03
WBTN,1997859.0,0001193125-24-151708,2024-05-31
GRAF,1897463.0,0001104659-24-067279,2024-05-31
RECT,1995116.0,0001213900-24-096764,2024-11-12
CUB,2015955.0,0001213900-24-046917,2024-05-28
TEM,1717115.0,0001193125-25-034442,2025-02-25
PCSC,2017526.0,0001140361-24-027073,2024-05-21
RAPP,2012593.0,0001193125-24-141704,2024-05-17
WAY,1990354.0,0001104659-25-047615,2025-05-13
FLYE,1975940.0,0001213900-25-034233,2025-04-22
GAUZ,1781446.0,0001213900-24-032677,2024-04-15
BOW,2002473.0,0001628280-24-043209,2024-10-21
HDL,1995306.0,0001104659-24-052326,2024-04-26
JDZG,1976908.0,0001104659-25-078583,2025-08-14
RAY,1948443.0,0001213900-25-052091,2025-06-06
BTOC,1972529.0,0001213900-24-109863,2024-12-18
PAL,1998768.0,0001213900-24-032249,2024-04-11
SVCO,1943289.0,0001628280-24-016108,2024-04-12
NNE,1923891.0,0001493152-25-002231,2025-01-14
CCIX,2006291.0,0001193125-24-075471,2024-03-22
VIK,1745201.0,0001193125-24-215885,2024-09-09
ZONE,1956741.0,0001013762-23-002911,2023-10-10
LOAR,2000178.0,0001193125-24-272807,2024-12-09
MRX,1997464.0,0001193125-25-080157,2025-04-14
RBRK,1943896.0,0001193125-24-083525,2024-04-01
NCI,1916331.0,0001213900-25-068175,2025-07-28
MFI,1940941.0,0001493152-23-029851,2023-08-22
YYGH,1985337.0,0001213900-23-085819,2023-11-13
TRSG,1943444.0,0001575872-23-000342,2023-03-10
CDTG,1793895.0,0001731122-26-000330,2026-03-04
CTRI,1981599.0,0001193125-24-075215,2024-03-22
IBTA,1538379.0,0001628280-24-012708,2024-03-22
MTEN,1948099.0,0001213900-25-007176,2025-01-28
TWG,1978057.0,0001213900-25-088899,2025-09-18
ULS,1901440.0,0001628280-24-039106,2024-09-03
PACS,2001184.0,0001628280-24-039113,2024-09-03
MNDR,1976695.0,0001493152-26-009241,2026-03-09
CTNM,1855175.0,0001193125-24-069256,2024-03-15
MAMO,1952853.0,0001493152-23-045173,2023-12-18
ZBAO,1966750.0,0001213900-25-086177,2025-09-09
BOLD,1782303.0,0001193125-24-060708,2024-03-06
MMA,1981519.0,0001493152-26-002626,2026-01-16
UBXG,1888525.0,0001213900-25-002662,2025-01-10
AUNA,1799207.0,0001193125-24-004672,2024-01-09
LOBO,1932072.0,0001493152-25-026882,2025-12-09
RDDT,1713445.0,0001628280-24-006294,2024-02-22
ALAB,1736297.0,0001193125-24-040419,2024-02-21
INTJ,1916416.0,0001213900-25-098115,2025-10-10
RYDE,1971115.0,0001493152-24-036098,2024-09-13
LGCL,1954694.0,0001641172-25-005548,2025-04-21
SMXT,1519472.0,0001640334-22-001527,2022-07-19
VHAI,1880431.0,0001575872-23-000184,2023-01-31
UMAC,1956955.0,0001683168-24-008413,2024-11-27
MGX,1785279.0,0001193125-24-003477,2024-01-05
TBBB,1978954.0,0000950170-25-012333,2025-02-03
TELO,1971532.0,0001493152-23-040696,2023-11-14
KYTX,1994702.0,0001193125-24-008614,2024-01-16
PMNT,1849221.0,0001213900-23-081326,2023-10-10
AHR,1632970.0,,
LEGT,2002038.0,0001829126-23-007911,2023-12-07
ANRO,1999480.0,0001193125-24-007592,2024-01-12
GUTS,1572616.0,0001193125-23-295433,2023-12-14
AS,1988894.0,0001104659-24-124611,2024-12-02
FBLG,1958777.0,0001493152-25-029010,2025-12-23
AVBP,1868279.0,0001104659-24-001804,2024-01-05
BTSG,1865782.0,0001193125-24-000734,2024-01-02
HAO,1954594.0,0001213900-24-052441,2024-06-13
CGON,1991792.0,0001193125-24-274822,2024-12-11
YIBO,1868395.0,0001213900-22-012931,2022-03-16
JL,1948436.0,0001013762-23-004920,2023-10-19
SUGP,1969863.0,0001753926-25-001843,2025-11-28
KSPI,1985487.0,0001193125-23-304764,2023-12-28
CCTG,1931717.0,0001213900-25-079475,2025-08-22
PSBD,1794776.0,,
SYNX,1976443.0,0001213900-24-061113,2024-07-15
SDHC,1982518.0,0001140361-23-042979,2023-09-06
ROMA,1945240.0,0001493152-25-008448,2025-02-27
SCPQ,2083143.0,0001213900-25-114240,2025-11-24
BEBE,2079933.0,0001213900-25-077921,2025-08-18
VHCP,2086264.0,0001213900-25-114873,2025-11-25
ANDG,2065708.0,0001193125-25-209262,2025-09-19
CCXI,2074973.0,0001213900-25-112163,2025-11-18
MDLN,2046386.0,0001193125-26-086603,2026-03-03
TWLV,2052243.0,0001213900-25-029114,2025-04-07
WLTH,1524566.0,0001628280-25-043113,2025-09-29
KBON,2088749.0,0001193125-25-228369,2025-10-02
LMRI,2071288.0,0001193125-25-284663,2025-11-17
CDNL,2079999.0,0001213900-25-098415,2025-10-14
JMG,2049717.0,0001213900-25-075414,2025-08-13
RGNT,1912966.0,0001213900-25-022350,2025-03-11
SMJF,2070954.0,0001213900-25-085075,2025-09-05
PARK,2069604.0,0001104659-25-086768,2025-09-03
SBXE,2081909.0,0001104659-25-081712,2025-08-22
GLOO,2069785.0,0001193125-25-242216,2025-10-17
OTH,2067767.0,0001641172-25-018050,2025-07-07
POAS,2024258.0,0001493152-25-000329,2025-01-06
AERO,1561861.0,0001193125-24-137345,2024-05-13
BLLN,2070849.0,0001193125-25-233697,2025-10-07
EVMN,2044725.0,0001193125-25-235673,2025-10-09
ELWT,2063863.0,0001104659-25-085791,2025-08-29
XZO,1873951.0,0001193125-25-216498,2025-09-25
BETA,1784570.0,0001193125-25-221787,2025-09-29
CEPV,2034266.0,0001213900-25-077573,2025-08-15
DNMX,2081125.0,0001213900-25-074566,2025-08-12
NAVN,1639723.0,0001628280-25-042130,2025-09-19
DYOR,2079292.0,0001213900-25-078978,2025-08-20
APXT,2079253.0,0001213900-25-074316,2025-08-11
MPLT,1770069.0,0001193125-25-209084,2025-09-19
AGCC,2060016.0,0001213900-25-062654,2025-07-10
NPT,2014337.0,0001213900-24-068467,2024-08-14
AHMA,2010959.0,0001213900-25-011398,2025-02-07
BGIN,1945565.0,0001213900-25-015852,2025-02-21
MCTA,2035992.0,0001213900-25-043185,2025-05-14
ACCL,2038378.0,0001213900-25-065443,2025-07-18
SLGB,1987189.0,0001987189-25-000004,2025-07-14
TCGL,2047190.0,0001641172-25-021315,2025-07-29
RPGL,1912884.0,0001213900-26-006446,2026-01-22
ALH,1317685.0,0001317685-25-000013,2025-09-12
LFS,2030277.0,0001829126-24-008192,2024-12-10
PXED,1600222.0,0001193125-25-192874,2025-08-29
YDDL,2034723.0,0001213900-25-004967,2025-01-21
POM,1877971.0,0001213900-25-023540,2025-03-13
GIW,2080019.0,0001193125-25-177848,2025-08-11
CCHH,2074123.0,0001213900-25-081009,2025-08-27
CBK,1981546.0,0001213900-25-080760,2025-08-26
AGRZ,2009233.0,0001213900-25-004257,2025-01-16
FRMI,2071778.0,,
NP,2067129.0,0001213900-25-083585,2025-09-03
BCSS,2064355.0,0001193125-25-199062,2025-09-09
BDCI,2042292.0,0001213900-25-078198,2025-08-19
KNRX,1982960.0,0001493152-24-044368,2024-11-12
MGN,1995075.0,0001213900-26-006028,2026-01-21
PLTS,2053033.0,0001641172-25-009388,2025-05-09
PTRN,1811935.0,0001628280-25-041036,2025-08-22
NTSK,2063196.0,0000950170-25-110855,2025-08-22
STUB,1337634.0,0001193125-25-060140,2025-03-21
WBI,2064947.0,0000950170-25-111048,2025-08-22
CHOW,2041829.0,0001641172-25-001938,2025-04-01
BRCB,2068577.0,0001628280-25-040622,2025-08-18
FOFO,2060083.0,0001213900-25-043480,2025-05-15
LGN,2052568.0,0001193125-25-312729,2025-12-09
VIA,1603015.0,0001628280-25-040484,2025-08-15
FIGR,2064124.0,0001628280-25-052613,2025-11-17
LBRX,1691082.0,0001193125-25-186467,2025-08-22
KLAR,2003292.0,0001628280-25-012824,2025-03-14
TLNC,2073340.0,0001213900-25-077602,2025-08-15
ZGM,2011458.0,0001493152-25-000401,2025-01-06
FCHL,2023796.0,0001641172-25-011509,2025-05-19
PMI,2030617.0,0001829126-26-000185,2026-01-12
ELOG,2013320.0,0001493152-24-034790,2024-09-03
TGHL,2024114.0,0001641172-25-008230,2025-05-02
THH,2044241.0,0001493152-25-020636,2025-11-03
CURX,2025942.0,0001493152-24-041335,2024-10-16
CEPF,2034267.0,0001213900-25-065675,2025-07-18
ETS,2053641.0,0001104659-25-044357,2025-05-05
YMT,1991605.0,0001213900-26-022312,2026-03-02
NUTR,2006468.0,0001641172-25-000122,2025-03-21
BUUU,2047273.0,0001013762-25-003574,2025-03-28
MIAX,1438472.0,0001628280-25-056175,2025-12-09
NSRX,2029039.0,0001493152-26-008581,2026-03-02
RYOJ,2012600.0,0001493152-24-030085,2024-08-02
BLSH,1872195.0,0001104659-25-069070,2025-07-18
HVMC,2070602.0,0001185185-25-000838,2025-07-24
MAGH,2046117.0,0001641172-25-012644,2025-05-28
DKI,2058584.0,0001641172-25-015001,2025-06-13
EFTY,2058349.0,0001213900-25-086658,2025-09-11
HTFL,1464521.0,0001628280-25-035242,2025-07-17
WYFI,2042022.0,0001213900-25-063338,2025-07-11
CTW,2047148.0,0001213900-25-044061,2025-05-15
FIG,1579878.0,0001628280-25-033742,2025-07-01
SI,1699350.0,0001628280-25-034437,2025-07-07
AMBQ,1500412.0,0001193125-26-017240,2026-01-21
YMAT,1875016.0,0001641172-25-006513,2025-04-29
ARX,1997350.0,0001193125-25-152889,2025-06-30
LHAI,2017758.0,0001213900-24-054736,2024-06-21
MH,1951070.0,0001628280-25-033247,2025-06-27
CARL,1794546.0,0000950123-25-006117,2025-06-26
CRE,2003977.0,0001213900-24-070408,2024-08-19
NIQ,2054696.0,0001193125-25-151230,2025-06-27
TDIC,2041338.0,0001493152-26-009147,2026-03-06
LAWR,2007599.0,0001493152-25-006147,2025-02-12
KMRK,2049187.0,0001213900-25-087627,2025-09-15
MGRT,2033377.0,0001213900-24-093930,2024-11-04
BMHL,2027815.0,0002027815-25-000001,2025-03-17
DLXY,2025218.0,0001213900-24-098770,2024-11-15
ANPA,2031688.0,0001213900-25-021100,2025-03-06
MSGY,2020228.0,0001213900-24-095137,2024-11-07
TLIH,1982012.0,0001493152-23-038923,2023-11-01
MAMK,2008007.0,0001213900-24-097747,2024-11-14
CV,1378325.0,0001193125-25-116894,2025-05-09
EMPG,2005569.0,0001493152-24-036431,2024-09-16
ORIQ,2044523.0,0001493152-25-001500,2025-01-10
GRAN,2027722.0,0001213900-24-107296,2024-12-10
CAEP,2034268.0,0001213900-25-052119,2025-06-06
JCAP,2046042.0,0001104659-26-000626,2026-01-05
JLHL,2007846.0,0001641172-25-001129,2025-03-28
FMFC,2024656.0,0001213900-24-089901,2024-10-23
HCHL,2046656.0,0001213900-25-097727,2025-10-09
CAI,2019410.0,0001104659-25-052381,2025-05-23
EGG,1982961.0,0001641172-25-001072,2025-03-28
SLDE,1886428.0,0001193125-25-125836,2025-05-23
AIRO,1927958.0,0001493152-25-012813,2025-09-08
CHYM,1795586.0,0001628280-25-025059,2025-05-13
VNTG,2027160.0,0001493152-24-040628,2024-10-09
ASIC,2040491.0,0001104659-25-027299,2025-03-24
VOYG,1788060.0,0001628280-25-026244,2025-05-16
JEM,2018222.0,0001493152-26-003334,2026-01-23
OMDA,1611115.0,0001193125-25-116907,2025-05-09
CRCL,1876042.0,0001193125-25-178989,2025-08-12
PTNM,2046573.0,0001493152-25-006976,2025-02-14
FTRK,2027262.0,0001641172-25-004569,2025-04-14
HNGE,1673743.0,0001193125-25-051004,2025-03-10
MNTN,1891027.0,0001104659-25-019247,2025-02-28
OFAL,2036307.0,0001493152-25-029846,2025-12-31
ANTA,2044255.0,0001193125-25-085747,2025-04-18
ETOR,1493318.0,0001013762-25-001589,2025-03-24
OMSE,2012219.0,0001213900-24-094183,2024-11-04
APUS,1894525.0,0001213900-24-081766,2024-09-25
AHL,1267395.0,0001628280-23-042245,2023-12-20
AII,2007587.0,0001193125-25-284639,2025-11-17
CEPT,2034269.0,0001213900-25-022241,2025-03-10
CGCT,2049662.0,0001104659-25-006780,2025-01-29
GTEN,1986817.0,0001193125-25-079198,2025-04-11
SDM,2014955.0,0001213900-24-096783,2024-11-12
YB,1995520.0,0001193125-24-220286,2024-09-16
PHOE,2035709.0,0001493152-25-001972,2025-01-13
CIGL,2001794.0,0001213900-24-072987,2024-08-27
PFAI,2032755.0,0001213900-25-018136,2025-02-27
TMDE,2009714.0,0001493152-24-049393,2024-12-10
CHA,2013649.0,0001104659-25-027648,2025-03-25
EDHL,2024876.0,0001213900-25-051668,2025-06-06
HXHX,1936817.0,0001213900-23-010177,2023-02-10
ATHR,2026353.0,0001641172-25-020289,2025-07-18
CUPR,1995704.0,0001493152-24-049003,2024-12-06
IOTR,1997637.0,0001213900-24-006092,2024-01-24
MB,2027265.0,0001493152-24-044667,2024-11-12
FATN,1993400.0,0001493152-24-028560,2024-07-19
RYET,1873454.0,0001731122-24-001338,2024-08-30
BLIV,1982448.0,0001493152-26-008383,2026-02-27
LHSW,2004024.0,0001213900-24-041530,2024-05-10
SMA,1585389.0,,
ENGS,1971828.0,0001493152-26-008660,2026-03-03
WTF,1987363.0,0001140361-25-042363,2025-11-14
WXM,1979610.0,0001731122-25-001321,2025-09-30
NMAX,2026478.0,0001213900-25-032602,2025-04-16
CRWV,1769628.0,0001193125-25-044231,2025-03-03
NCT,2018529.0,0001213900-25-106962,2025-11-06
WFF,1980210.0,0001213900-24-081064,2024-09-23
EPSM,1883437.0,0001213900-23-099716,2023-12-29
LGPS,2040290.0,0001493152-24-046364,2024-11-15
BIYA,1944712.0,0001213900-25-126346,2025-12-30
RCT,2027360.0,0001641172-25-020085,2025-07-17
MWYN,2030522.0,0001213900-25-114228,2025-11-24
MCRP,1993431.0,0001213900-25-089672,2025-09-22
SAGT,2029138.0,0001213900-24-112742,2024-12-26
ADVB,1941029.0,0001213900-25-067053,2025-07-23
JFB,2024306.0,0001493152-25-017803,2025-10-10
KMTS,1877184.0,0001193125-25-303114,2025-12-01
TBH,1903595.0,0001213900-25-125477,2025-12-23
PN,2001288.0,0001213900-24-094522,2024-11-05
NHIC,2043699.0,0001213900-25-000455,2025-01-02
LUD,1984124.0,0001213900-24-106566,2024-12-06
LZMH,1967397.0,0001213900-23-098088,2023-12-22
WETO,1941158.0,0001575872-23-000244,2023-02-10
STAK,2002453.0,0001493152-25-023494,2025-11-14
BMGL,2004489.0,0001493152-24-036168,2024-09-13
WGRX,2030763.0,0001641172-25-020862,2025-07-24
NNNN,1982708.0,0001213900-24-114129,2024-12-31
NPB,1336706.0,0001104659-25-005318,2025-01-23
AARD,1774857.0,0001193125-25-011499,2025-01-23
KRMN,2040127.0,0001193125-25-161868,2025-07-21
SAIL,2030781.0,0001193125-25-008417,2025-01-17
XHLD,2030954.0,0001641172-25-020116,2025-07-18
AGH,2009312.0,0001493152-25-011574,2025-08-04
SION,2036042.0,0001193125-25-008474,2025-01-17
TTAM,2035304.0,0001193125-25-005308,2025-01-13
EPWK,1900720.0,0001213900-25-088177,2025-09-16
FBGL,1938534.0,0001493152-25-018466,2025-10-17
CJMB,2032545.0,0001641172-25-025422,2025-08-25
HCAI,1958399.0,0001213900-24-068783,2024-08-14
PLUT,1933021.0,0001493152-24-004512,2024-01-31
INR,2029118.0,0001193125-24-232829,2024-10-04
MAZE,1842295.0,0001193125-25-242526,2025-10-17
BBNX,1674632.0,0001193125-25-002177,2025-01-06
SVCC,2033593.0,0001213900-24-105677,2024-12-04
FGMC,1906364.0,0001104659-23-111149,2023-10-24
SFD,91388.0,0001213900-25-083699,2025-09-03
AAPG,2023311.0,0001104659-24-132177,2024-12-27
VG,2007855.0,0001193125-24-282957,2024-12-20
SKBL,2031009.0,0001213900-25-110919,2025-11-14
DGNX,2010499.0,0001641172-25-021080,2025-07-28
DXST,1958133.0,0001213900-25-079920,2025-08-22
TJGC,1969928.0,0001213900-26-026950,2026-03-12
TOPP,1960847.0,0001213900-24-067615,2024-08-12
HVII,1846416.0,0001493152-24-044245,2024-11-08
FLOC,2035149.0,0001193125-24-272521,2024-12-06
PCLA,2018462.0,0001493152-25-010105,2025-03-13
HKPD,2007702.0,0001213900-24-091775,2024-10-29
UFG,2021688.0,0001493152-25-010737,2025-03-18
MIMI,1998560.0,0001213900-24-075339,2024-09-04
MASK,1993097.0,0001185185-25-002198,2025-12-30
CEPO,2027708.0,0001213900-24-093516,2024-11-01
ZYBT,1975641.0,0001213900-24-002027,2024-01-09
INLF,1991592.0,0001213900-24-045350,2024-05-21
